"participant_id","age","gender","ethnicity","transfer","international","us_born","parent_ed_1","parent_ed_2","major_sem_1","major_sem_2","major_sem_3","major_sem_4","gpa_sem_1","gpa_sem_2","gpa_sem_3","gpa_sem_4"
1,18,"Male","White",1,0,1,"Master's degree","Bachelor's degree (4 year degree)","Biology","Biology","Biology","Biology",2.68,2.09,NA,NA
2,18,"Male","White",0,0,1,"Associates degree or equivalent (2 year degree)","Bachelor's degree (4 year degree)","Mechanical Engineering","Mechanical Engineering","Chemical Engineering","Chemical Engineering",3.64,3.84,2.08,2.14
3,18,"Male","Hispanic/Latine",0,0,1,"High school diploma","Associates degree or equivalent (2 year degree)","Biomedical Engineering","Biomedical Engineering","Chemical Engineering","Chemical Engineering",3.62,3.62,3.76,3.72
4,19,"Male","White",1,0,1,"Bachelor's degree (4 year degree)","High school diploma",NA,"Biomedical Engineering","Biomedical Engineering","Biomedical Engineering",2.81,2.07,2.7,3.36
5,19,"Male","Black/African American",1,0,1,"Associates degree or equivalent (2 year degree)","High school diploma","Computer Science","Biomedical Engineering","Biomedical Engineering","Biomedical Engineering",2.64,3.38,3.96,NA
6,19,"Male","White",0,0,1,"High school diploma","Bachelor's degree (4 year degree)","Biology","Mechanical Engineering","Mechanical Engineering","Mechanical Engineering",2.03,3.46,3.37,2.89
7,18,"Male","White",0,0,1,"High school diploma","Associates degree or equivalent (2 year degree)","Computer Science","Biology","Biology","Biology",2.8,3.82,2.05,3.55
8,18,"Female","White",1,0,1,"Associates degree or equivalent (2 year degree)","Associates degree or equivalent (2 year degree)","Biomedical Engineering","Biomedical Engineering","Biomedical Engineering","Biomedical Engineering",3.15,3.32,3.85,3.22
9,19,"Nonbinary","White",1,0,1,"No school","High school diploma","Computer Science","Computer Science","Chemical Engineering",NA,2.08,2.47,3.79,3.92
10,20,"Male","White",0,0,1,"Bachelor's degree (4 year degree)","Associates degree or equivalent (2 year degree)","Biology","Computer Science",NA,"Computer Science",3.6,3.73,NA,3.74
11,20,"Female","White",1,0,1,"Master's degree","Master's degree","Computer Science",NA,"Computer Science","Computer Science",3.02,3.2,3.65,2.37
12,22,"Female","Asian/Pacific Islander",1,0,1,"Some high school","Elementary school","Biology","Biology","Chemical Engineering","Chemical Engineering",2.55,2.49,NA,NA
13,19,"Female","White",1,0,1,"Master's degree","High school diploma","Biomedical Engineering","Computer Science","Computer Science","Computer Science",3.63,2.72,2.34,2.73
14,18,"Female","White",0,0,1,"High school diploma","Associates degree or equivalent (2 year degree)","Biomedical Engineering","Computer Science","Computer Science","Computer Science",3.18,3.44,2.18,3.21
15,19,"Female","White",1,1,1,"High school diploma","Associates degree or equivalent (2 year degree)","Computer Science","Biology","Biology","Biology",2.73,3.17,2.75,NA
16,19,"Male","White",0,0,1,"Bachelor's degree (4 year degree)","Bachelor's degree (4 year degree)","Mechanical Engineering","Mechanical Engineering",NA,NA,3.13,2.98,3.32,2.89
17,19,"Male","White",0,0,1,"Bachelor's degree (4 year degree)","High school diploma","Biology",NA,"Biology","Biology",2.46,3.75,3.7,2.73
18,20,"Female","Asian/Pacific Islander",0,1,1,"High school diploma","High school diploma","Biomedical Engineering","Biomedical Engineering","Biomedical Engineering","Biomedical Engineering",2.71,3.98,3.44,2.69
19,19,"Male","White",1,0,1,"Middle school/Junior high","High school diploma","Mechanical Engineering","Biology","Biology","Biology",3.55,3.09,2.97,2.77
20,18,"Male","White",0,0,0,"High school diploma","Bachelor's degree (4 year degree)","Chemical Engineering","Biomedical Engineering","Biomedical Engineering","Biomedical Engineering",3.32,3.1,3.53,3.12
21,19,"Male","Asian/Pacific Islander",0,0,1,"High school diploma","Associates degree or equivalent (2 year degree)","Computer Science","Computer Science","Computer Science",NA,2.96,2.63,2.86,2.24
22,18,"Male","White",0,0,1,"High school diploma","Bachelor's degree (4 year degree)","Biomedical Engineering","Biomedical Engineering","Biomedical Engineering",NA,3.11,3.27,2.14,3.13
23,18,"Male","Multiracial",0,0,1,"Associates degree or equivalent (2 year degree)","Bachelor's degree (4 year degree)","Biomedical Engineering","Biomedical Engineering","Biomedical Engineering","Chemical Engineering",2.57,3.11,3.6,2.48
24,22,"Female","White",0,0,1,"Associates degree or equivalent (2 year degree)","High school diploma","Computer Science","Computer Science","Computer Science","Computer Science",2.06,2.78,2.83,2.23
25,18,"Male","Hispanic/Latine",0,0,1,"Bachelor's degree (4 year degree)","Master's degree","Biology","Biology","Biology","Biology",2.68,3.99,3.25,3.21
26,18,"Male","Hispanic/Latine",1,0,1,"Associates degree or equivalent (2 year degree)","Bachelor's degree (4 year degree)","Biology","Mechanical Engineering","Mechanical Engineering",NA,3.42,NA,NA,2.44
27,18,"Male","White",0,1,1,"Master's degree","Associates degree or equivalent (2 year degree)","Biomedical Engineering","Biomedical Engineering","Biomedical Engineering",NA,3.02,2.6,2.91,3.64
28,21,"Male","White",0,0,1,"High school diploma","Associates degree or equivalent (2 year degree)","Biology","Biology","Biology","Biology",2.41,3.18,2.64,3.77
29,19,"Female","Asian/Pacific Islander",1,0,1,"Bachelor's degree (4 year degree)","Some high school","Mechanical Engineering","Mechanical Engineering","Mechanical Engineering","Mechanical Engineering",2.5,3.68,3.63,3.29
30,19,"Male","Black/African American",0,0,1,"High school diploma","Associates degree or equivalent (2 year degree)","Biology","Chemical Engineering","Computer Science","Computer Science",3.44,3.47,2.53,2.55
31,18,"Male","White",0,0,1,"Bachelor's degree (4 year degree)","Doctorate or professional degree","Chemical Engineering","Biology","Biology","Biology",2.04,3.27,2.87,2.8
32,18,"Male","Multiracial",0,0,1,"High school diploma","Bachelor's degree (4 year degree)","Computer Science","Computer Science","Computer Science","Computer Science",3.94,2.9,2.72,3.33
33,18,"Male","White",1,0,1,"High school diploma","Master's degree","Mechanical Engineering","Mechanical Engineering","Mechanical Engineering","Mechanical Engineering",2.19,3.65,3.63,3.18
34,18,"Female","Other",0,0,1,"High school diploma","High school diploma",NA,"Computer Science",NA,"Mechanical Engineering",3.51,3.42,3.3,2.1
35,18,"Male","White",0,0,1,"High school diploma","Associates degree or equivalent (2 year degree)","Biomedical Engineering",NA,"Chemical Engineering","Chemical Engineering",3.39,3.64,3.82,2.53
36,18,"Male","White",0,1,1,"No school","Some high school","Biology","Biology","Biology","Chemical Engineering",3.82,2.19,3.74,NA
37,18,"Male","White",0,0,0,"High school diploma","High school diploma","Mechanical Engineering","Mechanical Engineering","Mechanical Engineering","Mechanical Engineering",2.83,2.44,2.14,2.21
38,20,"Female","White",0,0,1,"Bachelor's degree (4 year degree)","Bachelor's degree (4 year degree)","Computer Science","Computer Science",NA,"Computer Science",2.03,2.18,3.5,2.82
39,20,"Female","White",1,0,1,"High school diploma","Bachelor's degree (4 year degree)","Computer Science","Computer Science","Computer Science","Computer Science",2.59,3.69,3.34,2.95
40,18,"Male","White",0,0,1,"Associates degree or equivalent (2 year degree)","Associates degree or equivalent (2 year degree)","Mechanical Engineering","Mechanical Engineering","Mechanical Engineering","Mechanical Engineering",2.84,3.49,3.92,NA
41,18,"Female","White",1,0,1,"High school diploma","Master's degree","Mechanical Engineering","Mechanical Engineering","Mechanical Engineering","Mechanical Engineering",3.65,2.43,2.7,3.72
42,18,"Female","White",0,0,1,"Bachelor's degree (4 year degree)","Associates degree or equivalent (2 year degree)","Biomedical Engineering","Biomedical Engineering","Biomedical Engineering",NA,2.5,2.77,2.55,3.7
43,21,"Female","Asian/Pacific Islander",1,0,1,"High school diploma","Associates degree or equivalent (2 year degree)","Biology","Biology","Biology","Biology",3.96,3.77,2.28,NA
44,18,"Male","Other",0,0,1,"Bachelor's degree (4 year degree)","High school diploma","Computer Science","Computer Science","Biology","Biology",3.32,3.86,2.89,2.46
45,19,"Female","Asian/Pacific Islander",0,0,0,"High school diploma","Associates degree or equivalent (2 year degree)","Biomedical Engineering","Computer Science",NA,"Computer Science",3.02,NA,NA,3.81
46,18,"Male","White",0,0,1,"High school diploma","Master's degree","Computer Science","Computer Science","Computer Science","Computer Science",3.41,2.26,NA,3.22
47,18,"Female","White",1,0,1,"Associates degree or equivalent (2 year degree)","Associates degree or equivalent (2 year degree)","Mechanical Engineering","Mechanical Engineering",NA,"Biomedical Engineering",NA,2.51,3.67,2.43
48,20,"Male","Asian/Pacific Islander",1,0,1,"High school diploma","Bachelor's degree (4 year degree)","Biology",NA,"Computer Science",NA,3.55,2.98,3.18,3.95
49,18,"Female","Black/African American",0,0,1,"High school diploma","Bachelor's degree (4 year degree)","Computer Science","Mechanical Engineering","Mechanical Engineering","Mechanical Engineering",3.56,3.59,2.68,2.07
50,22,"Male","White",0,0,1,"Bachelor's degree (4 year degree)","Middle school/Junior high","Computer Science","Biomedical Engineering","Biomedical Engineering","Biomedical Engineering",2.51,2.12,NA,2.36
51,20,"Female","Asian/Pacific Islander",1,0,1,"High school diploma","Elementary school","Mechanical Engineering",NA,"Mechanical Engineering","Mechanical Engineering",2,NA,3.7,3.21
52,21,"Female","White",0,0,1,"Bachelor's degree (4 year degree)","Associates degree or equivalent (2 year degree)","Biology","Computer Science","Computer Science","Computer Science",2.85,3.79,NA,3.82
53,18,"Female","White",1,0,1,"Associates degree or equivalent (2 year degree)","High school diploma","Biology","Biology","Biology","Computer Science",3.88,3.35,3.28,3.47
54,18,"Female","White",0,0,1,"Bachelor's degree (4 year degree)","High school diploma","Mechanical Engineering","Mechanical Engineering","Mechanical Engineering","Mechanical Engineering",3.03,3.81,3.29,2.53
55,18,"Female","White",1,0,1,"High school diploma","Associates degree or equivalent (2 year degree)","Mechanical Engineering","Computer Science","Computer Science","Computer Science",NA,3.52,NA,2.85
56,20,"Male","Hispanic/Latine",1,0,1,"Bachelor's degree (4 year degree)","Master's degree","Computer Science","Biomedical Engineering","Biology","Biology",3.51,2.66,3.01,3.72
57,19,"Female","White",1,0,1,"Associates degree or equivalent (2 year degree)","Bachelor's degree (4 year degree)","Mechanical Engineering","Computer Science","Computer Science","Computer Science",2.69,2.37,3.58,3.1
58,19,"Female","White",0,0,1,"Bachelor's degree (4 year degree)","High school diploma","Biology","Chemical Engineering",NA,NA,3.34,3.31,NA,NA
59,18,"Male","White",1,0,1,"Master's degree","Bachelor's degree (4 year degree)","Computer Science","Computer Science","Computer Science","Computer Science",3.2,3.47,2.38,3.21
60,18,"Male","Black/African American",1,0,1,"High school diploma","Bachelor's degree (4 year degree)","Computer Science","Computer Science","Computer Science","Computer Science",2.84,3.82,3.8,2.63
61,18,"Female","White",0,0,1,"High school diploma","High school diploma","Biology","Biology","Chemical Engineering","Chemical Engineering",3.56,2.47,2.35,3.3
62,18,"Female","White",0,0,1,"Master's degree","Bachelor's degree (4 year degree)","Biomedical Engineering","Biomedical Engineering","Biomedical Engineering","Chemical Engineering",3.77,3.64,2.74,2.01
63,18,"Male","White",1,0,1,"High school diploma","High school diploma","Biology","Biology","Biology","Biology",3.85,2.23,3.55,3.03
64,18,"Male","White",0,0,0,"Associates degree or equivalent (2 year degree)","Bachelor's degree (4 year degree)","Mechanical Engineering","Mechanical Engineering","Mechanical Engineering","Mechanical Engineering",3.17,2.36,3.35,3.12
65,19,"Male","White",1,0,1,"Associates degree or equivalent (2 year degree)","Bachelor's degree (4 year degree)","Computer Science","Biomedical Engineering","Biomedical Engineering","Biomedical Engineering",NA,3.52,3.35,NA
66,19,"Female","Black/African American",0,0,1,"Bachelor's degree (4 year degree)","High school diploma","Computer Science","Biology","Biology",NA,3.24,2.46,2.39,NA
67,18,"Male","Asian/Pacific Islander",1,0,1,"Bachelor's degree (4 year degree)","Associates degree or equivalent (2 year degree)","Mechanical Engineering","Mechanical Engineering","Mechanical Engineering","Mechanical Engineering",3.05,2.88,3.89,NA
68,19,"Male","White",0,0,1,"Master's degree","Associates degree or equivalent (2 year degree)","Mechanical Engineering","Mechanical Engineering","Mechanical Engineering","Mechanical Engineering",2.61,2.16,3.33,3.71
69,21,"Female","White",0,0,1,"High school diploma","Associates degree or equivalent (2 year degree)","Biology","Biology","Biology","Biology",2.57,2.81,2.51,2.95
70,18,"Male","Black/African American",0,1,1,"Doctorate or professional degree","Bachelor's degree (4 year degree)","Chemical Engineering","Biomedical Engineering","Biomedical Engineering","Biomedical Engineering",2.45,2.46,NA,2.73
71,19,"Male","Asian/Pacific Islander",1,0,1,"Master's degree","High school diploma",NA,"Mechanical Engineering","Mechanical Engineering","Mechanical Engineering",2.24,3.34,3.44,NA
72,19,"Male","White",0,0,1,"Master's degree","Master's degree","Biology","Computer Science","Computer Science","Computer Science",3.48,3.52,2.43,3.71
73,18,"Male","White",0,0,0,"High school diploma","High school diploma","Mechanical Engineering","Mechanical Engineering","Mechanical Engineering","Mechanical Engineering",3.74,2.35,NA,3.39
74,19,"Male","White",1,0,1,"Associates degree or equivalent (2 year degree)","Bachelor's degree (4 year degree)","Biomedical Engineering","Chemical Engineering","Chemical Engineering","Chemical Engineering",3.57,2.49,NA,3.25
75,18,"Male","White",0,0,1,"Middle school/Junior high","High school diploma","Mechanical Engineering","Mechanical Engineering","Mechanical Engineering","Mechanical Engineering",2.1,NA,2.57,NA
76,18,"Male","White",0,1,1,"Bachelor's degree (4 year degree)","Associates degree or equivalent (2 year degree)","Computer Science","Computer Science","Computer Science","Computer Science",3.61,NA,3.56,3.62
77,18,"Male","White",0,0,1,"Doctorate or professional degree","Associates degree or equivalent (2 year degree)","Computer Science","Chemical Engineering","Chemical Engineering","Chemical Engineering",3.13,2.21,3.98,3.54
78,18,"Male","Asian/Pacific Islander",0,0,1,"Associates degree or equivalent (2 year degree)","Bachelor's degree (4 year degree)","Mechanical Engineering","Computer Science","Mechanical Engineering","Mechanical Engineering",2.95,2.73,NA,2.99
79,19,"Female","Multiracial",0,0,1,"High school diploma","Bachelor's degree (4 year degree)","Computer Science","Mechanical Engineering",NA,"Mechanical Engineering",3.43,3.22,2.67,NA
80,19,"Male","Hispanic/Latine",0,0,1,"Master's degree","Bachelor's degree (4 year degree)","Biology",NA,NA,"Chemical Engineering",3.2,3.11,3.12,3.82
81,21,"Male","Black/African American",1,0,1,"Bachelor's degree (4 year degree)","High school diploma","Mechanical Engineering","Mechanical Engineering","Mechanical Engineering","Mechanical Engineering",3.26,2.85,3.12,3.93
82,18,"Male","White",0,0,1,"Some high school","Associates degree or equivalent (2 year degree)","Computer Science","Computer Science","Computer Science","Computer Science",2.85,3.46,3.65,3.86
83,18,"Male","Asian/Pacific Islander",0,0,1,"Some high school","Associates degree or equivalent (2 year degree)","Biology","Biology","Biology","Biology",3.1,2.1,2.92,3.16
84,19,"Male","Black/African American",1,0,0,"Master's degree","Master's degree","Mechanical Engineering","Mechanical Engineering","Mechanical Engineering","Mechanical Engineering",2.23,3.17,2.48,2.93
85,18,"Male","White",1,1,1,"High school diploma","Some high school","Computer Science","Biology","Biology",NA,3.74,4,2.1,2.05
86,18,"Male","White",0,0,1,"Bachelor's degree (4 year degree)","Associates degree or equivalent (2 year degree)","Biology","Computer Science","Computer Science","Computer Science",3.86,3.19,3.87,3.81
87,18,"Male","White",1,0,1,"Associates degree or equivalent (2 year degree)","Bachelor's degree (4 year degree)","Mechanical Engineering","Mechanical Engineering","Computer Science","Computer Science",2.19,2.91,3.58,2.91
88,18,"Female","White",1,0,1,"Associates degree or equivalent (2 year degree)","Associates degree or equivalent (2 year degree)","Computer Science","Mechanical Engineering","Biology","Biology",2.82,2.91,NA,3.14
89,19,"Male","White",1,0,0,"Associates degree or equivalent (2 year degree)","High school diploma","Computer Science","Biomedical Engineering","Biomedical Engineering","Biomedical Engineering",3.98,2.94,2.98,2.59
90,18,"Male","White",0,0,1,"Associates degree or equivalent (2 year degree)","Bachelor's degree (4 year degree)",NA,"Mechanical Engineering","Mechanical Engineering","Mechanical Engineering",2.84,NA,3.01,3.87
91,18,"Male","Black/African American",0,0,1,"Master's degree","Associates degree or equivalent (2 year degree)","Computer Science","Computer Science","Computer Science",NA,2.74,2.59,2.09,NA
92,18,"Female","Other",0,0,1,"High school diploma","Associates degree or equivalent (2 year degree)","Biology","Biology",NA,"Biology",2.8,3.96,2.91,2.58
93,19,"Female","Asian/Pacific Islander",0,0,1,"Doctorate or professional degree","Associates degree or equivalent (2 year degree)","Biology","Biomedical Engineering",NA,"Biomedical Engineering",3.82,3.17,2.43,NA
94,19,"Female","Other",0,0,0,"High school diploma","High school diploma","Mechanical Engineering","Mechanical Engineering","Computer Science","Computer Science",2.31,3.39,3.39,3.71
95,19,"Male","White",0,0,1,"Elementary school","High school diploma","Computer Science","Computer Science","Computer Science","Computer Science",2.88,3.63,2.62,3.5
96,19,"Male","White",1,0,1,"High school diploma","High school diploma","Computer Science","Chemical Engineering","Chemical Engineering","Chemical Engineering",3.92,2.93,NA,2.58
97,20,"Male","White",0,0,1,"Some high school","High school diploma","Computer Science","Computer Science","Computer Science","Computer Science",3.62,NA,2.04,3.66
98,18,"Female","Black/African American",1,0,1,"Bachelor's degree (4 year degree)","Bachelor's degree (4 year degree)","Biomedical Engineering","Biomedical Engineering","Biomedical Engineering","Biomedical Engineering",2.59,2.4,3.19,2.48
99,19,"Female","White",0,0,0,"Associates degree or equivalent (2 year degree)","High school diploma","Chemical Engineering","Computer Science","Computer Science","Computer Science",3.31,3.07,3.84,NA
100,18,"Male","White",0,0,1,"Master's degree","High school diploma","Chemical Engineering",NA,"Chemical Engineering","Chemical Engineering",2.07,NA,2.96,3.36
101,18,"Female","White",0,0,1,"High school diploma","Bachelor's degree (4 year degree)","Biology","Biology","Biology","Biology",3.41,NA,NA,3.19
102,18,"Female","Multiracial",0,0,1,"Bachelor's degree (4 year degree)","High school diploma","Mechanical Engineering","Mechanical Engineering","Mechanical Engineering","Mechanical Engineering",3.83,3.34,3.02,3.76
103,19,"Female","White",0,0,0,"High school diploma","Bachelor's degree (4 year degree)","Chemical Engineering","Biology","Biology","Biology",3.19,2.25,2.33,NA
104,18,"Female","White",0,0,1,"Doctorate or professional degree","Bachelor's degree (4 year degree)","Computer Science","Computer Science","Computer Science",NA,3.03,3,3.59,2.51
105,20,"Male","White",0,0,1,"Doctorate or professional degree","Master's degree","Computer Science","Computer Science","Computer Science",NA,2.65,3.77,3.46,2.82
106,19,"Nonbinary","Other",0,0,1,"High school diploma","Associates degree or equivalent (2 year degree)","Mechanical Engineering","Mechanical Engineering","Mechanical Engineering","Mechanical Engineering",3.79,2.64,3.87,3.96
107,19,"Male","Asian/Pacific Islander",0,0,0,"Bachelor's degree (4 year degree)","Master's degree","Biology","Computer Science","Computer Science","Computer Science",2.08,2.65,NA,2.01
108,21,"Male","Asian/Pacific Islander",0,0,1,"Bachelor's degree (4 year degree)","Bachelor's degree (4 year degree)","Computer Science",NA,"Computer Science","Computer Science",3.5,NA,3.54,3.56
109,19,"Female","White",1,0,1,"Associates degree or equivalent (2 year degree)","Elementary school","Biology","Biology","Biology","Biology",2.59,2.06,3.47,2.56
110,18,"Female","Multiracial",0,0,1,"Bachelor's degree (4 year degree)","Doctorate or professional degree","Mechanical Engineering","Mechanical Engineering","Mechanical Engineering","Mechanical Engineering",3.55,3.94,3.49,2.43
111,19,"Male","Asian/Pacific Islander",0,0,1,"Associates degree or equivalent (2 year degree)","Master's degree","Mechanical Engineering","Mechanical Engineering","Mechanical Engineering","Mechanical Engineering",3.11,NA,2.15,2.22
112,19,"Female","Black/African American",0,1,1,"Associates degree or equivalent (2 year degree)","High school diploma",NA,"Chemical Engineering","Chemical Engineering",NA,3.51,2.54,3.14,3.05
113,18,"Female","Asian/Pacific Islander",1,1,1,"Associates degree or equivalent (2 year degree)","Associates degree or equivalent (2 year degree)","Biology","Computer Science","Mechanical Engineering",NA,2.15,3.98,3.98,2.33
114,19,"Male","Asian/Pacific Islander",0,0,1,"Bachelor's degree (4 year degree)","Associates degree or equivalent (2 year degree)","Chemical Engineering","Chemical Engineering","Chemical Engineering","Chemical Engineering",NA,2.43,3.87,2.48
115,18,"Male","White",1,0,1,"Associates degree or equivalent (2 year degree)","High school diploma","Computer Science","Computer Science","Computer Science","Computer Science",3.18,3.87,2.65,3.85
116,18,"Female","White",0,0,1,"Associates degree or equivalent (2 year degree)","Associates degree or equivalent (2 year degree)","Biology","Biology","Biology","Biology",2.67,2.21,3.09,3.32
117,22,"Female","Black/African American",0,0,1,"Bachelor's degree (4 year degree)","Some high school","Mechanical Engineering","Chemical Engineering","Chemical Engineering","Chemical Engineering",2.54,3.98,NA,3.46
118,21,"Male","Hispanic/Latine",1,0,1,"High school diploma","Some high school","Computer Science","Computer Science","Computer Science","Computer Science",2.14,2.87,2.16,2.39
119,18,"Male","White",0,0,1,"High school diploma","Associates degree or equivalent (2 year degree)","Chemical Engineering","Mechanical Engineering","Mechanical Engineering","Mechanical Engineering",2.89,3.53,3.65,2.82
120,19,"Male","White",1,0,1,"Bachelor's degree (4 year degree)","Bachelor's degree (4 year degree)","Biology","Biology","Biology","Biology",3.12,2.23,3.9,NA
121,18,"Female","White",1,0,1,"Associates degree or equivalent (2 year degree)","Master's degree","Mechanical Engineering","Mechanical Engineering","Mechanical Engineering","Mechanical Engineering",3.46,2.8,2.21,NA
122,18,"Female","White",1,0,0,"High school diploma","Associates degree or equivalent (2 year degree)","Computer Science","Biology","Biology","Biology",3.31,2.73,3,3.49
123,21,"Female","Other",0,0,1,"Associates degree or equivalent (2 year degree)","Bachelor's degree (4 year degree)","Mechanical Engineering","Mechanical Engineering","Mechanical Engineering","Mechanical Engineering",2.14,2.93,3.05,2.51
124,18,"Female","Asian/Pacific Islander",0,0,1,"Doctorate or professional degree","Associates degree or equivalent (2 year degree)","Mechanical Engineering","Mechanical Engineering","Mechanical Engineering","Mechanical Engineering",2.73,3.3,3.54,3.87
125,20,"Male","White",0,0,1,"High school diploma","High school diploma","Chemical Engineering","Mechanical Engineering","Mechanical Engineering","Mechanical Engineering",2.03,NA,3.62,NA
126,18,"Male","White",0,0,1,"Master's degree","High school diploma","Biomedical Engineering","Mechanical Engineering","Mechanical Engineering","Mechanical Engineering",3.63,3.84,2.57,2.27
127,18,"Female","Asian/Pacific Islander",0,1,1,"High school diploma","High school diploma","Computer Science","Computer Science","Computer Science","Computer Science",2.59,2.19,3.71,3.16
128,21,"Female","Multiracial",0,1,1,"High school diploma","Bachelor's degree (4 year degree)","Computer Science","Computer Science","Computer Science",NA,3.78,3.76,NA,2.75
129,18,"Male","Other",0,1,1,"Master's degree","High school diploma",NA,"Biology","Biology","Biology",2.85,NA,3.98,2.93
130,18,"Female","White",1,0,1,"Bachelor's degree (4 year degree)","Master's degree","Computer Science","Computer Science","Computer Science","Computer Science",3.45,2,2.15,3.94
131,21,"Female","Black/African American",0,0,1,"Master's degree","Master's degree","Biology","Biology","Biology","Biology",3.44,2.39,2.04,2.76
132,19,"Male","White",0,0,1,"Some high school","High school diploma","Biomedical Engineering","Biomedical Engineering","Biomedical Engineering","Biomedical Engineering",3.27,3.78,2.79,3.14
133,22,"Female","White",0,0,1,"Bachelor's degree (4 year degree)","Associates degree or equivalent (2 year degree)","Biology",NA,"Biology","Biology",3.76,2.68,3.31,3.43
134,19,"Nonbinary","Asian/Pacific Islander",0,1,1,"Associates degree or equivalent (2 year degree)","Associates degree or equivalent (2 year degree)",NA,"Biology","Biology","Biology",2.73,2.9,3.73,3.44
135,18,"Female","White",0,0,1,"Some high school","Elementary school","Computer Science","Computer Science",NA,NA,3.09,2.5,3.38,3.79
136,20,"Male","White",1,1,1,"Doctorate or professional degree","Bachelor's degree (4 year degree)","Computer Science","Computer Science","Computer Science",NA,3.33,2.44,3.45,3.7
137,19,"Male","Asian/Pacific Islander",0,0,1,"Bachelor's degree (4 year degree)","Associates degree or equivalent (2 year degree)","Computer Science","Computer Science","Computer Science",NA,2.36,3.02,3.15,2.41
138,20,"Male","Multiracial",0,0,1,"Bachelor's degree (4 year degree)","Master's degree","Computer Science","Computer Science","Computer Science","Computer Science",2.47,2.05,2.33,3.12
139,19,"Female","White",0,0,1,"High school diploma","Master's degree","Biomedical Engineering","Biomedical Engineering","Biology","Biology",2.13,2.53,2.86,NA
140,21,"Male","Hispanic/Latine",0,0,1,"Master's degree","Bachelor's degree (4 year degree)","Computer Science","Computer Science","Computer Science","Computer Science",3.85,3.8,3.5,3.58
141,21,"Female","White",0,0,1,"High school diploma","High school diploma","Computer Science","Mechanical Engineering","Mechanical Engineering","Mechanical Engineering",2.11,3.39,2.23,2.7
142,18,"Male","White",1,0,1,"Associates degree or equivalent (2 year degree)","Some high school","Mechanical Engineering","Mechanical Engineering","Mechanical Engineering",NA,NA,3.79,3.51,3.79
143,19,"Male","Hispanic/Latine",1,0,1,"Associates degree or equivalent (2 year degree)","Some high school","Computer Science","Computer Science","Mechanical Engineering","Mechanical Engineering",3.72,3.16,3.39,2.46
144,18,"Female","White",0,0,1,"Associates degree or equivalent (2 year degree)","Associates degree or equivalent (2 year degree)","Computer Science","Biology","Chemical Engineering","Chemical Engineering",3.16,2.02,3.94,3.46
145,20,"Male","White",0,0,0,"Bachelor's degree (4 year degree)","High school diploma","Computer Science","Chemical Engineering","Chemical Engineering","Chemical Engineering",2.4,3.1,2.8,2.77
146,19,"Male","White",0,0,1,"Master's degree","Bachelor's degree (4 year degree)","Mechanical Engineering","Mechanical Engineering","Mechanical Engineering",NA,NA,3.63,3.48,NA
147,22,"Female","Black/African American",1,0,1,"Master's degree","Master's degree","Mechanical Engineering","Mechanical Engineering","Mechanical Engineering","Mechanical Engineering",3.94,2.78,2.48,3.05
148,18,"Male","White",0,0,1,"Bachelor's degree (4 year degree)","High school diploma","Biology","Biology","Biology","Biology",2.66,2.53,2.79,2.66
149,18,"Male","Multiracial",0,0,1,"Associates degree or equivalent (2 year degree)","High school diploma","Mechanical Engineering","Mechanical Engineering","Mechanical Engineering","Mechanical Engineering",3.72,2.48,2.77,3.95
150,18,"Male","White",0,0,1,"High school diploma","Bachelor's degree (4 year degree)","Computer Science","Mechanical Engineering","Mechanical Engineering","Mechanical Engineering",2.05,2.58,3.57,3.8
151,22,"Male","Other",0,0,1,"High school diploma","Bachelor's degree (4 year degree)","Computer Science",NA,"Computer Science",NA,2.07,3.31,2.1,2.68
152,18,"Female","Other",1,0,1,"Associates degree or equivalent (2 year degree)","Associates degree or equivalent (2 year degree)","Biomedical Engineering","Chemical Engineering","Chemical Engineering","Biology",2.03,3.82,2.09,3.65
153,20,"Male","Asian/Pacific Islander",0,1,1,"Associates degree or equivalent (2 year degree)","High school diploma","Computer Science",NA,"Computer Science","Computer Science",2.53,2.6,2.71,2.54
154,18,"Female","White",0,0,1,"Master's degree","Associates degree or equivalent (2 year degree)","Chemical Engineering",NA,"Mechanical Engineering","Mechanical Engineering",2.85,2.16,2.53,NA
155,22,"Male","Other",0,0,1,"Bachelor's degree (4 year degree)","Associates degree or equivalent (2 year degree)","Biomedical Engineering",NA,"Biomedical Engineering","Biomedical Engineering",2.95,3.58,3.13,3.42
156,18,"Female","White",0,0,1,"Master's degree","High school diploma","Computer Science","Computer Science","Computer Science","Computer Science",3.21,2.8,2.18,3.56
157,18,"Female","Asian/Pacific Islander",0,0,1,"Associates degree or equivalent (2 year degree)","Associates degree or equivalent (2 year degree)","Biology","Biomedical Engineering","Biomedical Engineering","Biomedical Engineering",3.44,3.18,3.88,3.81
158,18,"Female","White",0,0,1,"Associates degree or equivalent (2 year degree)","High school diploma","Computer Science","Chemical Engineering","Chemical Engineering","Chemical Engineering",2.77,3.36,2.35,NA
159,18,"Female","White",1,0,1,"High school diploma","High school diploma","Computer Science","Computer Science","Biomedical Engineering","Biomedical Engineering",3.71,3.47,2.41,2.78
160,18,"Male","White",1,0,1,"High school diploma","Associates degree or equivalent (2 year degree)","Computer Science","Computer Science","Computer Science","Computer Science",3.72,3.74,2.63,NA
161,20,"Female","White",1,0,1,"Associates degree or equivalent (2 year degree)","High school diploma",NA,"Chemical Engineering","Biomedical Engineering","Biomedical Engineering",2.13,3.45,2.89,3.87
162,19,"Female","White",0,0,1,"Master's degree","Associates degree or equivalent (2 year degree)","Computer Science","Computer Science","Computer Science","Computer Science",3.42,3.86,NA,2.36
163,21,"Male","Asian/Pacific Islander",0,0,1,"Associates degree or equivalent (2 year degree)","Associates degree or equivalent (2 year degree)","Biomedical Engineering","Computer Science",NA,"Computer Science",3.96,3.87,2.65,3.17
164,18,"Male","White",0,1,1,"High school diploma","High school diploma","Chemical Engineering","Chemical Engineering","Chemical Engineering","Chemical Engineering",3.44,2.38,3.38,2.27
165,22,"Female","Asian/Pacific Islander",0,0,1,"Bachelor's degree (4 year degree)","Associates degree or equivalent (2 year degree)","Biomedical Engineering","Computer Science","Computer Science","Computer Science",3.09,3.21,3.02,3.95
166,19,"Male","White",0,0,1,"Associates degree or equivalent (2 year degree)","Associates degree or equivalent (2 year degree)","Biology","Biomedical Engineering","Biomedical Engineering","Biomedical Engineering",2.76,3.61,2.5,2.44
167,18,"Female","White",0,0,1,"Associates degree or equivalent (2 year degree)","Master's degree","Computer Science",NA,"Biology","Biology",2.48,2.31,3.69,3.79
168,20,"Female","Black/African American",0,0,1,"Bachelor's degree (4 year degree)","Bachelor's degree (4 year degree)","Biomedical Engineering","Biomedical Engineering","Biomedical Engineering","Biomedical Engineering",3.5,2.73,NA,2.76
169,19,"Male","Asian/Pacific Islander",0,0,1,"High school diploma","High school diploma","Computer Science","Computer Science",NA,NA,3.91,2.6,2.66,2.39
170,18,"Female","White",0,0,1,"Associates degree or equivalent (2 year degree)","High school diploma","Biology",NA,"Chemical Engineering","Chemical Engineering",NA,3.7,NA,3.85
171,19,"Female","White",1,0,1,"Bachelor's degree (4 year degree)","Associates degree or equivalent (2 year degree)","Computer Science","Computer Science","Biology","Biology",2.67,3.1,3.59,3.68
172,18,"Male","Multiracial",1,0,1,"Master's degree","High school diploma","Mechanical Engineering","Mechanical Engineering",NA,"Mechanical Engineering",3.51,3.89,2.34,3.05
173,18,"Female","White",0,0,1,"High school diploma","Bachelor's degree (4 year degree)","Computer Science","Computer Science",NA,"Computer Science",3.96,3.57,2.08,2.37
174,19,"Female","Hispanic/Latine",0,0,1,"Doctorate or professional degree","Elementary school","Mechanical Engineering",NA,"Mechanical Engineering","Mechanical Engineering",2.59,2.52,3.71,2.06
175,20,"Female","White",0,0,1,"High school diploma","Master's degree","Biology","Biology","Biology","Biology",3.78,3.11,3.06,3.01
176,20,"Male","White",1,0,1,"Middle school/Junior high","High school diploma","Computer Science","Mechanical Engineering","Mechanical Engineering","Mechanical Engineering",2.26,2.23,2.35,2.98
177,20,"Male","Black/African American",1,0,1,"Bachelor's degree (4 year degree)","Bachelor's degree (4 year degree)","Computer Science","Computer Science","Computer Science","Computer Science",2.86,NA,2.07,2.65
178,19,"Male","White",0,0,1,"Master's degree","Bachelor's degree (4 year degree)","Mechanical Engineering","Mechanical Engineering","Mechanical Engineering","Mechanical Engineering",3.21,3.46,3.99,2.89
179,19,"Male","White",0,0,1,"Associates degree or equivalent (2 year degree)","High school diploma","Computer Science","Chemical Engineering","Chemical Engineering","Mechanical Engineering",2.17,2.03,2.48,NA
180,18,"Female","White",0,0,1,"Some high school","Master's degree","Computer Science","Computer Science","Computer Science",NA,3.09,2.59,3.7,2.13
181,18,"Male","Hispanic/Latine",0,0,1,"Master's degree","High school diploma","Computer Science",NA,"Computer Science","Computer Science",2.63,3.92,2.57,2.25
182,19,"Male","White",0,0,1,"High school diploma","Master's degree","Mechanical Engineering","Mechanical Engineering","Mechanical Engineering","Mechanical Engineering",2.69,3.09,3.24,NA
183,18,"Female","White",0,0,1,"Bachelor's degree (4 year degree)","Associates degree or equivalent (2 year degree)","Mechanical Engineering","Mechanical Engineering","Mechanical Engineering","Mechanical Engineering",3.86,3.11,3.06,2.94
184,19,"Female","Asian/Pacific Islander",0,0,1,"High school diploma","Associates degree or equivalent (2 year degree)","Computer Science","Computer Science","Computer Science",NA,3.98,2.61,2.35,2.81
185,18,"Male","Asian/Pacific Islander",1,0,1,"Bachelor's degree (4 year degree)","High school diploma","Biology","Biology","Biology","Biology",2.56,2.01,NA,2.21
186,22,"Male","White",1,0,1,"Associates degree or equivalent (2 year degree)","High school diploma","Biology","Biology","Chemical Engineering",NA,3.88,2.26,2.34,NA
187,20,"Male","Other",0,0,1,"Associates degree or equivalent (2 year degree)","High school diploma","Computer Science","Biomedical Engineering","Biomedical Engineering","Biomedical Engineering",3.59,3.78,2.4,2.83
188,18,"Male","Black/African American",0,0,1,"Doctorate or professional degree","Associates degree or equivalent (2 year degree)","Computer Science","Computer Science","Biomedical Engineering","Biomedical Engineering",3.98,2.08,3.15,2.87
189,18,"Male","Hispanic/Latine",1,0,1,"Associates degree or equivalent (2 year degree)","High school diploma","Chemical Engineering","Biology","Biology","Biology",3.5,2.02,3.37,3.52
190,18,"Male","White",1,0,1,"Doctorate or professional degree","Associates degree or equivalent (2 year degree)","Computer Science","Computer Science","Computer Science",NA,3.66,2.25,3.72,2.96
191,19,"Male","Hispanic/Latine",1,0,1,"Associates degree or equivalent (2 year degree)","Some high school","Biology","Computer Science","Computer Science","Computer Science",3.58,3.67,2.7,3.54
192,20,"Female","White",1,0,1,"High school diploma","Bachelor's degree (4 year degree)","Mechanical Engineering",NA,"Biomedical Engineering",NA,2.18,3.51,3.11,NA
193,18,"Male","White",0,0,1,"Master's degree","High school diploma","Mechanical Engineering","Mechanical Engineering","Mechanical Engineering","Mechanical Engineering",2.07,2.7,3.66,2.14
194,19,"Male","White",1,0,1,"High school diploma","Associates degree or equivalent (2 year degree)","Biology","Biomedical Engineering","Mechanical Engineering","Mechanical Engineering",3.67,2.28,NA,NA
195,19,"Male","White",0,0,1,"Bachelor's degree (4 year degree)","Doctorate or professional degree","Computer Science","Computer Science","Computer Science",NA,3.7,2.71,NA,3.89
196,18,"Male","White",0,0,1,"Bachelor's degree (4 year degree)","Bachelor's degree (4 year degree)","Computer Science","Computer Science","Computer Science",NA,3.51,2.38,NA,2.66
197,18,"Male","White",1,0,1,"Some high school","Associates degree or equivalent (2 year degree)","Biology","Biology","Biology","Biology",3.17,3.73,3.85,2.51
198,18,"Female","White",0,0,1,"No school","Bachelor's degree (4 year degree)","Biomedical Engineering","Mechanical Engineering",NA,NA,2.9,2.29,2.28,2.11
199,19,"Male","White",1,0,1,"Associates degree or equivalent (2 year degree)","Bachelor's degree (4 year degree)","Mechanical Engineering","Mechanical Engineering",NA,"Mechanical Engineering",2.91,3.07,3.03,3.77
200,18,"Female","White",1,0,1,"Bachelor's degree (4 year degree)","Associates degree or equivalent (2 year degree)","Computer Science","Computer Science","Mechanical Engineering","Mechanical Engineering",2.73,2.98,3.96,3.93
201,19,"Female","Multiracial",1,0,1,"Bachelor's degree (4 year degree)","High school diploma","Mechanical Engineering","Mechanical Engineering","Mechanical Engineering","Mechanical Engineering",3.58,2.11,3.47,NA
202,18,"Female","Asian/Pacific Islander",1,1,1,"High school diploma","Bachelor's degree (4 year degree)","Biomedical Engineering","Biomedical Engineering","Biomedical Engineering","Biomedical Engineering",3.83,NA,2.47,3.13
203,18,"Male","White",1,0,1,"Associates degree or equivalent (2 year degree)","Associates degree or equivalent (2 year degree)","Biomedical Engineering","Biomedical Engineering","Biomedical Engineering","Computer Science",3.77,3.98,2.66,2.99
204,18,"Female","Asian/Pacific Islander",0,0,1,"High school diploma","Bachelor's degree (4 year degree)","Computer Science","Biology","Biology","Biology",3.09,3.96,2.67,NA
205,19,"Male","White",1,0,1,"Associates degree or equivalent (2 year degree)","High school diploma","Biology","Biomedical Engineering","Biology","Biology",2.22,2.64,2.07,NA
206,18,"Male","Multiracial",0,0,1,"High school diploma","Bachelor's degree (4 year degree)","Computer Science","Computer Science","Computer Science","Computer Science",3.77,2,3.96,2.14
207,18,"Male","White",0,0,1,"Associates degree or equivalent (2 year degree)","Associates degree or equivalent (2 year degree)","Computer Science","Biomedical Engineering","Biomedical Engineering","Biomedical Engineering",2.22,2.01,3.6,2.84
208,19,"Male","Black/African American",0,0,1,"No school","High school diploma","Biology",NA,"Mechanical Engineering","Mechanical Engineering",3.08,3.3,NA,2.22
209,19,"Male","White",1,0,1,"Associates degree or equivalent (2 year degree)","High school diploma","Computer Science","Biomedical Engineering","Computer Science","Computer Science",2.08,3.55,3.56,2.56
210,18,"Female","Asian/Pacific Islander",1,1,1,"Bachelor's degree (4 year degree)","High school diploma","Biomedical Engineering","Biology","Biology","Biology",3.08,2.02,3.9,NA
211,18,"Male","Multiracial",0,0,1,"Bachelor's degree (4 year degree)","No school","Mechanical Engineering","Mechanical Engineering","Mechanical Engineering","Mechanical Engineering",NA,2.43,2.07,NA
212,18,"Male","Asian/Pacific Islander",0,0,1,"Master's degree","Master's degree","Mechanical Engineering",NA,"Mechanical Engineering",NA,2.51,3.69,2.1,3.88
213,18,"Male","White",0,0,1,"Associates degree or equivalent (2 year degree)","Some high school","Mechanical Engineering","Biology","Biology","Biology",3.63,2.02,3.26,3.08
214,19,"Male","White",0,0,1,"High school diploma","Master's degree","Biology","Biology","Biology","Biology",3.48,2.14,3.5,NA
215,19,"Female","White",0,0,1,"Bachelor's degree (4 year degree)","Bachelor's degree (4 year degree)","Computer Science","Computer Science","Computer Science","Computer Science",2.93,2.38,2,2.1
216,22,"Female","White",0,0,1,"Bachelor's degree (4 year degree)","Associates degree or equivalent (2 year degree)","Mechanical Engineering","Mechanical Engineering","Mechanical Engineering","Mechanical Engineering",2.11,3.15,2.28,3.72
217,18,"Male","Multiracial",1,0,1,"Doctorate or professional degree","High school diploma","Computer Science",NA,"Mechanical Engineering","Mechanical Engineering",3,2.08,2.27,2.1
218,19,"Male","Other",1,0,1,"High school diploma","Associates degree or equivalent (2 year degree)","Computer Science","Computer Science","Computer Science","Chemical Engineering",2.5,2.22,3.47,3.32
219,21,"Male","White",0,0,1,"High school diploma","Associates degree or equivalent (2 year degree)","Mechanical Engineering","Biology","Biology","Biology",2.08,NA,2.24,3.73
220,18,"Male","Asian/Pacific Islander",0,0,1,"Bachelor's degree (4 year degree)","High school diploma",NA,"Mechanical Engineering","Mechanical Engineering","Mechanical Engineering",2.37,3.27,2.95,3.1
221,18,"Male","White",0,1,1,"Master's degree","High school diploma","Mechanical Engineering","Mechanical Engineering","Mechanical Engineering","Mechanical Engineering",3.93,2.82,3.49,2.91
222,20,"Female","Asian/Pacific Islander",0,0,1,"Master's degree","Associates degree or equivalent (2 year degree)","Biomedical Engineering","Biomedical Engineering","Biomedical Engineering","Biomedical Engineering",3.69,3.19,3.25,3.21
223,20,"Male","Black/African American",0,0,1,"High school diploma","Bachelor's degree (4 year degree)","Computer Science","Computer Science","Computer Science","Computer Science",2.93,2.92,2.78,3.5
224,21,"Male","White",1,0,1,"Master's degree","High school diploma","Computer Science","Computer Science","Computer Science",NA,2.37,3.73,2.27,2.1
225,18,"Female","White",0,0,1,"Associates degree or equivalent (2 year degree)","Associates degree or equivalent (2 year degree)","Computer Science","Computer Science","Computer Science","Computer Science",3.85,2.17,3.28,3.31
226,19,"Male","White",0,0,1,"Associates degree or equivalent (2 year degree)","Bachelor's degree (4 year degree)","Computer Science","Computer Science","Biomedical Engineering","Biomedical Engineering",3.09,3.28,2.2,2.58
227,19,"Male","White",1,0,1,"Associates degree or equivalent (2 year degree)","Master's degree","Biology","Biology","Biology","Biology",2.33,NA,2.95,2.72
228,18,"Male","White",1,0,1,"High school diploma","Bachelor's degree (4 year degree)","Computer Science","Computer Science","Computer Science","Computer Science",2.79,2.1,3.15,3.68
229,18,"Male","Black/African American",1,0,1,"High school diploma","High school diploma","Biology","Biology","Biology",NA,2.39,3.68,3.04,3.59
230,19,"Male","Other",1,0,1,"High school diploma","High school diploma","Computer Science","Computer Science","Computer Science","Computer Science",2.8,3.73,3.03,NA
231,18,"Male","White",1,0,1,"Bachelor's degree (4 year degree)","Bachelor's degree (4 year degree)","Mechanical Engineering","Mechanical Engineering",NA,"Mechanical Engineering",NA,3.33,3.54,3.49
232,18,"Female","White",0,0,1,"Associates degree or equivalent (2 year degree)","High school diploma","Computer Science","Computer Science","Computer Science","Computer Science",3.77,2.09,2.63,3.41
233,19,"Female","White",1,0,1,"Bachelor's degree (4 year degree)","Bachelor's degree (4 year degree)",NA,"Mechanical Engineering","Mechanical Engineering","Mechanical Engineering",2.19,2.8,2.15,2.05
234,18,"Female","Asian/Pacific Islander",1,0,1,"Associates degree or equivalent (2 year degree)","Bachelor's degree (4 year degree)","Computer Science","Computer Science","Mechanical Engineering","Mechanical Engineering",3.34,2.95,2.91,2.08
235,18,"Male","White",0,0,0,"Master's degree","No school","Biology",NA,"Biology",NA,3.96,2.36,NA,2.27
236,18,"Female","Black/African American",0,0,1,"Bachelor's degree (4 year degree)","Bachelor's degree (4 year degree)","Chemical Engineering","Chemical Engineering","Chemical Engineering","Biology",2.87,2.57,2.56,3.62
237,18,"Female","White",0,0,1,"Bachelor's degree (4 year degree)","High school diploma","Chemical Engineering","Mechanical Engineering","Mechanical Engineering","Mechanical Engineering",2.25,2.32,2.34,NA
238,18,"Female","White",1,0,1,"Bachelor's degree (4 year degree)","High school diploma","Computer Science","Biomedical Engineering","Biomedical Engineering","Biomedical Engineering",3.38,2.23,2.38,2.23
239,19,"Male","White",0,0,1,"High school diploma","High school diploma","Biology","Biology","Computer Science","Computer Science",2.09,2.71,3.54,2.76
240,19,"Male","White",1,0,1,"Master's degree","High school diploma","Computer Science","Chemical Engineering","Chemical Engineering","Chemical Engineering",2.68,3.58,2.51,3.65
241,18,"Female","White",0,0,1,"Associates degree or equivalent (2 year degree)","Associates degree or equivalent (2 year degree)","Chemical Engineering","Chemical Engineering","Computer Science","Computer Science",2.9,3.64,2.48,2.41
242,18,"Female","White",1,0,1,"Bachelor's degree (4 year degree)","Bachelor's degree (4 year degree)","Computer Science","Computer Science",NA,"Computer Science",2.3,3.03,3.39,NA
243,21,"Female","White",0,0,0,"Master's degree","High school diploma","Mechanical Engineering","Mechanical Engineering","Mechanical Engineering","Mechanical Engineering",2.43,3.17,3.85,2.87
244,21,"Female","Asian/Pacific Islander",0,0,1,"High school diploma","Bachelor's degree (4 year degree)","Mechanical Engineering","Mechanical Engineering","Mechanical Engineering","Mechanical Engineering",2.29,2.35,2.41,NA
245,19,"Male","Hispanic/Latine",0,0,1,"Bachelor's degree (4 year degree)","High school diploma","Biology","Biology","Biology","Biology",2.72,3.43,2.16,NA
246,19,"Female","White",0,0,1,"High school diploma","Some high school","Mechanical Engineering","Mechanical Engineering","Mechanical Engineering",NA,2.51,2.8,3.39,3.08
247,20,"Female","White",0,0,0,"Bachelor's degree (4 year degree)","Master's degree","Mechanical Engineering","Mechanical Engineering",NA,"Chemical Engineering",2.65,NA,3.64,2.24
248,18,"Male","Asian/Pacific Islander",0,0,1,"Master's degree","High school diploma","Computer Science","Computer Science","Computer Science","Computer Science",2.37,2.52,NA,3.58
249,18,"Female","Asian/Pacific Islander",0,0,1,"No school","Associates degree or equivalent (2 year degree)","Mechanical Engineering","Biomedical Engineering","Biomedical Engineering",NA,3.63,2.45,2.45,3.15
250,22,"Male","White",0,0,1,"Associates degree or equivalent (2 year degree)","High school diploma","Biomedical Engineering",NA,"Biomedical Engineering","Biomedical Engineering",2.04,2.31,2.36,3
251,19,"Female","White",0,0,1,"Associates degree or equivalent (2 year degree)","Associates degree or equivalent (2 year degree)",NA,"Biology",NA,NA,2.84,3.54,2.62,2.78
252,19,"Male","Asian/Pacific Islander",0,0,1,"Bachelor's degree (4 year degree)","Bachelor's degree (4 year degree)","Computer Science","Computer Science","Computer Science","Computer Science",2.43,NA,2.74,2.77
253,18,"Female","White",0,0,1,"Associates degree or equivalent (2 year degree)","High school diploma","Computer Science","Computer Science","Computer Science","Computer Science",NA,2.74,2.76,3.5
254,19,"Male","Black/African American",0,0,1,"Master's degree","Bachelor's degree (4 year degree)","Computer Science","Biology","Biology","Biology",2.43,3.1,2.27,3.96
255,19,"Male","Hispanic/Latine",1,0,1,"Master's degree","Master's degree","Computer Science","Computer Science","Computer Science",NA,2.61,2.19,NA,NA
256,19,"Male","White",0,0,1,"Bachelor's degree (4 year degree)","Bachelor's degree (4 year degree)","Biology","Biology","Biology",NA,2.05,3.28,NA,2.52
257,19,"Female","Asian/Pacific Islander",0,0,1,"Bachelor's degree (4 year degree)","Master's degree","Chemical Engineering","Biology","Biology","Biology",3.04,2.4,NA,3.6
258,18,"Female","White",0,0,1,"Bachelor's degree (4 year degree)","High school diploma","Computer Science","Computer Science",NA,"Computer Science",3.82,2.24,3.93,2.69
259,20,"Female","Other",0,0,1,"High school diploma","Bachelor's degree (4 year degree)","Biomedical Engineering","Computer Science","Computer Science","Computer Science",3.33,2.73,2.63,3.77
260,18,"Male","Hispanic/Latine",1,0,1,"Master's degree","Associates degree or equivalent (2 year degree)","Biomedical Engineering","Mechanical Engineering",NA,NA,3.06,3.57,NA,2.44
261,19,"Male","Hispanic/Latine",0,0,1,"Master's degree","Associates degree or equivalent (2 year degree)","Computer Science","Computer Science","Computer Science","Computer Science",2.3,2.64,3.11,3.74
262,19,"Male","Black/African American",0,0,1,"High school diploma","Associates degree or equivalent (2 year degree)","Biology","Computer Science","Computer Science",NA,2.38,3.56,2.06,2.03
263,19,"Male","White",1,0,1,"Associates degree or equivalent (2 year degree)","Bachelor's degree (4 year degree)","Chemical Engineering","Computer Science","Biology","Computer Science",3.99,3.2,3.49,3.13
264,18,"Male","Hispanic/Latine",0,0,1,"High school diploma","High school diploma","Biology","Biology","Biology",NA,3.65,2.78,2.1,2.35
265,18,"Male","Hispanic/Latine",1,0,1,"Master's degree","High school diploma","Mechanical Engineering","Mechanical Engineering",NA,"Mechanical Engineering",2.97,NA,3.52,2.5
266,21,"Female","Black/African American",1,0,1,"Bachelor's degree (4 year degree)","Associates degree or equivalent (2 year degree)","Biology","Biology","Biomedical Engineering","Biomedical Engineering",2.23,2.08,2.55,3.68
267,18,"Female","White",1,0,1,"Associates degree or equivalent (2 year degree)","High school diploma","Mechanical Engineering","Mechanical Engineering",NA,"Mechanical Engineering",2.31,2.06,3.88,2.99
268,18,"Male","Asian/Pacific Islander",0,0,1,"High school diploma","Bachelor's degree (4 year degree)","Biology","Biology","Computer Science","Computer Science",2.71,2.66,3.18,3.98
269,18,"Male","Asian/Pacific Islander",0,0,1,"Bachelor's degree (4 year degree)","Bachelor's degree (4 year degree)","Mechanical Engineering","Mechanical Engineering","Mechanical Engineering","Mechanical Engineering",3.74,NA,2.9,NA
270,18,"Male","Black/African American",0,0,1,"High school diploma","High school diploma","Computer Science","Computer Science","Computer Science","Computer Science",2.68,3.54,2.04,3.29
271,19,"Male","White",0,0,1,"High school diploma","Doctorate or professional degree","Computer Science","Computer Science","Computer Science","Computer Science",3.94,3.58,3.91,2.92
272,18,"Female","White",0,0,1,"High school diploma","Some high school","Computer Science","Chemical Engineering","Chemical Engineering","Chemical Engineering",3.5,2.59,3.15,3.95
273,18,"Male","Black/African American",0,0,1,"Doctorate or professional degree","Elementary school","Biomedical Engineering","Mechanical Engineering","Mechanical Engineering","Mechanical Engineering",3.35,3.36,NA,3
274,18,"Male","Asian/Pacific Islander",0,0,1,"Associates degree or equivalent (2 year degree)","Associates degree or equivalent (2 year degree)","Mechanical Engineering","Mechanical Engineering","Mechanical Engineering",NA,2.43,3.65,2.1,NA
275,19,"Male","White",1,0,1,"Middle school/Junior high","Elementary school","Biomedical Engineering","Biomedical Engineering","Biomedical Engineering","Biomedical Engineering",3.1,2.89,3.93,NA
276,18,"Male","Hispanic/Latine",0,0,1,"High school diploma","Bachelor's degree (4 year degree)","Chemical Engineering","Chemical Engineering",NA,"Chemical Engineering",3.01,3.98,3.32,3.35
277,19,"Male","White",1,0,1,"Bachelor's degree (4 year degree)","Some high school",NA,NA,"Biomedical Engineering",NA,3.56,3.05,3.15,3.03
278,18,"Male","White",0,0,1,"Associates degree or equivalent (2 year degree)","Associates degree or equivalent (2 year degree)","Computer Science","Computer Science","Computer Science",NA,3.33,3.22,2.8,2.94
279,18,"Female","White",0,0,1,"Some high school","Some high school","Mechanical Engineering","Mechanical Engineering",NA,"Mechanical Engineering",2.89,NA,2.36,3.7
280,20,"Male","White",0,0,1,"Middle school/Junior high","Bachelor's degree (4 year degree)","Mechanical Engineering","Mechanical Engineering","Mechanical Engineering","Mechanical Engineering",2.66,2.89,2.07,3.07
281,20,"Male","Asian/Pacific Islander",1,0,1,"High school diploma","Associates degree or equivalent (2 year degree)","Mechanical Engineering","Mechanical Engineering","Mechanical Engineering","Mechanical Engineering",3.09,2.49,3.86,2.06
282,21,"Male","White",1,0,1,"Bachelor's degree (4 year degree)","Bachelor's degree (4 year degree)","Mechanical Engineering","Mechanical Engineering","Chemical Engineering",NA,3.77,3.78,3.74,2.1
283,19,"Female","White",0,0,1,"Bachelor's degree (4 year degree)","Associates degree or equivalent (2 year degree)","Biology","Biology",NA,"Biology",3.97,2.73,2.1,NA
284,18,"Female","White",0,0,1,"Associates degree or equivalent (2 year degree)","High school diploma","Mechanical Engineering","Mechanical Engineering","Mechanical Engineering","Mechanical Engineering",2.06,3.26,2.65,2.1
285,18,"Male","White",0,0,1,"Bachelor's degree (4 year degree)","Bachelor's degree (4 year degree)","Computer Science","Computer Science","Computer Science","Computer Science",2.12,3.34,2.4,3.54
286,19,"Male","Native American",0,0,1,"High school diploma","Bachelor's degree (4 year degree)","Computer Science","Computer Science","Computer Science","Computer Science",2.68,2.69,2.18,3.46
287,18,"Female","Asian/Pacific Islander",0,0,1,"Master's degree","Associates degree or equivalent (2 year degree)","Computer Science","Computer Science","Computer Science",NA,3.79,3.52,2.7,3.28
288,18,"Male","White",0,0,1,"High school diploma","Associates degree or equivalent (2 year degree)","Computer Science","Computer Science","Computer Science","Computer Science",3.74,2.93,2.49,3.76
289,18,"Male","White",0,0,1,"Master's degree","Associates degree or equivalent (2 year degree)","Mechanical Engineering","Mechanical Engineering","Mechanical Engineering","Mechanical Engineering",3.13,2.98,3.43,2.71
290,19,"Female","White",0,0,1,"Bachelor's degree (4 year degree)","Bachelor's degree (4 year degree)","Mechanical Engineering","Biology",NA,"Biology",2.02,3.58,2.79,2.9
291,21,"Female","Multiracial",0,0,1,"Master's degree","Bachelor's degree (4 year degree)","Chemical Engineering","Chemical Engineering","Chemical Engineering","Computer Science",2.62,2.66,2.3,2.39
292,18,"Female","Asian/Pacific Islander",0,0,1,"High school diploma","Associates degree or equivalent (2 year degree)","Mechanical Engineering","Mechanical Engineering","Mechanical Engineering","Mechanical Engineering",2.94,2.48,2.3,2.6
293,18,"Female","White",0,0,0,"Some high school","High school diploma","Biology",NA,"Biomedical Engineering","Biomedical Engineering",2.32,3.99,NA,2.02
294,18,"Male","Asian/Pacific Islander",0,0,1,"Bachelor's degree (4 year degree)","Bachelor's degree (4 year degree)","Mechanical Engineering","Mechanical Engineering","Biology","Mechanical Engineering",3.16,3.55,2.69,2.98
295,18,"Female","White",0,0,1,"High school diploma","High school diploma","Mechanical Engineering","Mechanical Engineering","Mechanical Engineering","Mechanical Engineering",3.08,2.6,3.68,NA
296,18,"Female","White",1,0,1,"High school diploma","Associates degree or equivalent (2 year degree)","Mechanical Engineering","Mechanical Engineering","Mechanical Engineering","Mechanical Engineering",3.72,2.23,2.3,2.82
297,19,"Male","White",0,0,1,"Associates degree or equivalent (2 year degree)","High school diploma","Mechanical Engineering","Chemical Engineering","Chemical Engineering","Chemical Engineering",2.35,3.54,NA,2.73
298,20,"Male","Black/African American",0,0,1,"High school diploma","High school diploma","Biomedical Engineering","Computer Science","Computer Science",NA,2.3,NA,2.61,3.63
299,22,"Female","White",0,0,1,"Associates degree or equivalent (2 year degree)","Master's degree","Computer Science","Chemical Engineering","Chemical Engineering","Chemical Engineering",3.45,3.8,3.04,NA
300,19,"Male","White",0,0,0,"High school diploma","Bachelor's degree (4 year degree)","Computer Science",NA,"Computer Science","Computer Science",3.56,3.91,3.6,3.39
301,19,"Male","Native American",0,0,1,"Associates degree or equivalent (2 year degree)","Bachelor's degree (4 year degree)","Computer Science","Mechanical Engineering",NA,"Mechanical Engineering",3.89,3.47,NA,2.53
302,18,"Male","White",0,0,1,"High school diploma","No school","Chemical Engineering","Chemical Engineering","Chemical Engineering","Chemical Engineering",3.77,3.46,3.97,2.74
303,19,"Male","Other",0,0,1,"Associates degree or equivalent (2 year degree)","Bachelor's degree (4 year degree)","Chemical Engineering","Computer Science","Computer Science",NA,3.67,2.32,2.93,3.81
304,18,"Male","White",0,0,1,"Doctorate or professional degree","High school diploma","Chemical Engineering","Chemical Engineering","Chemical Engineering","Chemical Engineering",2.04,2.01,3.84,2.5
305,19,"Male","White",1,0,1,"High school diploma","Doctorate or professional degree","Mechanical Engineering","Mechanical Engineering",NA,"Computer Science",3.3,3.92,3.15,NA
306,20,"Female","Asian/Pacific Islander",0,0,1,"High school diploma","Bachelor's degree (4 year degree)","Mechanical Engineering","Chemical Engineering",NA,"Chemical Engineering",3.32,2.27,3.41,3.06
307,18,"Male","Asian/Pacific Islander",1,0,0,"Master's degree","High school diploma","Biology","Computer Science","Computer Science","Computer Science",2.51,2.05,3.42,NA
308,20,"Male","White",1,0,1,"Bachelor's degree (4 year degree)","Associates degree or equivalent (2 year degree)","Mechanical Engineering","Mechanical Engineering","Mechanical Engineering","Mechanical Engineering",3.89,3.39,2.14,3.15
309,18,"Female","White",1,0,1,"Master's degree","High school diploma","Computer Science","Computer Science","Computer Science","Computer Science",2.12,3.69,3.29,2.05
310,20,"Female","White",0,0,1,"Bachelor's degree (4 year degree)","Bachelor's degree (4 year degree)","Computer Science","Mechanical Engineering",NA,"Computer Science",3.7,3.57,2.08,2.07
311,19,"Male","Black/African American",0,0,1,"Bachelor's degree (4 year degree)","Associates degree or equivalent (2 year degree)","Chemical Engineering","Chemical Engineering",NA,"Chemical Engineering",2.63,3.14,2.66,3.68
312,19,"Female","White",0,0,1,"Associates degree or equivalent (2 year degree)","High school diploma","Mechanical Engineering","Mechanical Engineering","Mechanical Engineering","Mechanical Engineering",2.34,2.38,4,3.95
313,18,"Male","White",0,0,1,"Bachelor's degree (4 year degree)","Associates degree or equivalent (2 year degree)","Computer Science","Biomedical Engineering","Biomedical Engineering","Biomedical Engineering",2.9,3.1,2.17,2.34
314,18,"Male","White",0,0,1,"Associates degree or equivalent (2 year degree)","Bachelor's degree (4 year degree)","Computer Science","Computer Science","Computer Science","Computer Science",3.56,3.68,2.11,3.84
315,19,"Female","White",1,0,1,"Bachelor's degree (4 year degree)","Associates degree or equivalent (2 year degree)","Computer Science","Computer Science","Computer Science","Computer Science",2.44,3.91,3.45,3.46
316,18,"Female","White",0,0,1,"High school diploma","High school diploma","Biology","Biology","Biology",NA,3.69,2.35,3.89,3.72
317,19,"Female","White",0,0,1,"Master's degree","Bachelor's degree (4 year degree)","Biology","Biology","Biology","Biology",2.5,2.27,NA,3.39
318,19,"Male","White",0,0,1,"Bachelor's degree (4 year degree)","Bachelor's degree (4 year degree)","Computer Science","Computer Science","Computer Science","Biomedical Engineering",2.99,3.09,3.62,3.13
319,18,"Male","Black/African American",1,0,1,"Master's degree","High school diploma","Chemical Engineering","Chemical Engineering","Chemical Engineering","Chemical Engineering",3.27,3.78,3.56,3.83
320,19,"Female","Other",1,0,1,"Associates degree or equivalent (2 year degree)","Associates degree or equivalent (2 year degree)","Biology","Biology","Biology","Biology",3.91,2.69,NA,2.44
321,18,"Male","Asian/Pacific Islander",0,0,1,"No school","High school diploma","Mechanical Engineering","Mechanical Engineering","Mechanical Engineering",NA,3.92,2.03,3.17,3.42
322,19,"Female","White",0,0,1,"High school diploma","Doctorate or professional degree","Biomedical Engineering","Biomedical Engineering","Mechanical Engineering","Mechanical Engineering",2.06,NA,3.99,2.85
323,20,"Male","White",1,0,1,"High school diploma","Elementary school","Biology","Biology","Mechanical Engineering","Mechanical Engineering",2.41,3.97,2.39,2.41
324,19,"Male","Asian/Pacific Islander",0,0,1,"High school diploma","Master's degree","Computer Science","Computer Science","Computer Science","Computer Science",3.44,2.54,2.59,3.53
325,19,"Male","White",1,0,1,"Associates degree or equivalent (2 year degree)","Bachelor's degree (4 year degree)","Biology","Biology","Biology","Biology",2.94,3.48,3.62,2.41
326,19,"Male","White",0,0,1,"Some high school","Master's degree","Chemical Engineering","Chemical Engineering","Chemical Engineering","Chemical Engineering",NA,3.57,2.29,NA
327,19,"Male","White",1,0,1,"Associates degree or equivalent (2 year degree)","High school diploma",NA,"Chemical Engineering","Chemical Engineering","Chemical Engineering",NA,3.93,3.39,3.45
328,22,"Female","Black/African American",0,0,1,"Elementary school","Bachelor's degree (4 year degree)","Biomedical Engineering","Computer Science","Computer Science",NA,2.28,3.34,2.31,2.35
329,18,"Male","White",0,0,1,"Associates degree or equivalent (2 year degree)","Associates degree or equivalent (2 year degree)","Computer Science","Computer Science","Computer Science","Computer Science",3.61,2.2,3.76,2.68
330,20,"Male","White",0,0,1,"Bachelor's degree (4 year degree)","Bachelor's degree (4 year degree)","Biology","Chemical Engineering",NA,"Chemical Engineering",2.32,2.94,3.68,2.64
331,18,"Male","Multiracial",1,0,1,"Associates degree or equivalent (2 year degree)","Master's degree","Mechanical Engineering","Chemical Engineering","Chemical Engineering","Chemical Engineering",2.2,3.34,2.5,3.75
332,18,"Male","White",0,0,1,"Doctorate or professional degree","High school diploma","Computer Science","Computer Science","Computer Science",NA,2.28,3.57,2.78,2.55
333,20,"Male","White",0,0,1,"Bachelor's degree (4 year degree)","High school diploma","Biomedical Engineering","Chemical Engineering","Chemical Engineering","Chemical Engineering",2.08,2.5,3.53,3
334,18,"Male","White",0,0,1,"High school diploma","Master's degree","Computer Science","Computer Science","Biomedical Engineering","Biomedical Engineering",3.54,2.45,3.23,NA
335,20,"Nonbinary","White",1,0,1,"Master's degree","High school diploma","Biology","Biology","Biology","Biology",3.84,NA,2.35,NA
336,18,"Male","Asian/Pacific Islander",1,0,1,"High school diploma","Associates degree or equivalent (2 year degree)","Mechanical Engineering",NA,"Chemical Engineering","Chemical Engineering",2.16,3.68,2.38,NA
337,20,"Male","White",0,0,1,"Associates degree or equivalent (2 year degree)","Associates degree or equivalent (2 year degree)",NA,"Computer Science",NA,"Biomedical Engineering",3.44,NA,3.63,3.14
338,18,"Female","Multiracial",1,0,1,"Master's degree","Bachelor's degree (4 year degree)","Computer Science","Computer Science","Chemical Engineering","Chemical Engineering",2.66,2.41,NA,2.27
339,19,"Female","Black/African American",0,0,1,"High school diploma","High school diploma","Biomedical Engineering","Biomedical Engineering","Biomedical Engineering",NA,2.24,2.58,3.71,2.69
340,20,"Male","Other",0,0,1,"Master's degree","High school diploma","Biology","Chemical Engineering","Biology","Biology",2.25,2.3,2.37,2.28
341,19,"Male","Black/African American",0,0,1,"Some high school","Master's degree","Chemical Engineering","Biology",NA,"Biology",3.8,2.57,3.04,3.37
342,18,"Male","White",0,0,1,"Some high school","Bachelor's degree (4 year degree)","Computer Science","Chemical Engineering","Chemical Engineering","Computer Science",2.37,3,NA,2.57
343,18,"Female","Asian/Pacific Islander",0,0,1,"High school diploma","High school diploma","Biology","Biology","Biology","Biology",2.35,2.47,2.1,2.87
344,18,"Female","Asian/Pacific Islander",1,0,1,"Some high school","High school diploma","Mechanical Engineering","Chemical Engineering","Chemical Engineering","Chemical Engineering",3.33,2.21,2.71,3.61
345,18,"Female","Multiracial",0,0,1,"High school diploma","Bachelor's degree (4 year degree)","Computer Science","Computer Science",NA,"Computer Science",3.47,2.09,2.04,2.57
346,18,"Male","White",0,1,1,"Bachelor's degree (4 year degree)","Doctorate or professional degree","Computer Science","Computer Science","Computer Science","Computer Science",2.68,NA,3.64,2.89
347,19,"Female","White",0,0,1,"Doctorate or professional degree","Middle school/Junior high","Biomedical Engineering",NA,NA,NA,3.24,2.45,3.28,3.44
348,18,"Male","White",0,0,1,"Bachelor's degree (4 year degree)","Bachelor's degree (4 year degree)","Biomedical Engineering","Biology","Biology","Biology",3.65,2.27,2.01,3.78
349,19,"Female","Black/African American",0,0,1,"Bachelor's degree (4 year degree)","Some high school","Mechanical Engineering","Mechanical Engineering","Biomedical Engineering","Biomedical Engineering",3.69,2.75,NA,2.85
350,22,"Female","White",1,0,1,"Associates degree or equivalent (2 year degree)","Associates degree or equivalent (2 year degree)","Biology","Biomedical Engineering","Biomedical Engineering","Biomedical Engineering",2.34,3.27,2.19,3.31
351,19,"Male","Multiracial",0,0,1,"Middle school/Junior high","High school diploma","Chemical Engineering","Chemical Engineering","Chemical Engineering","Chemical Engineering",2.17,2.18,3.39,3.1
352,18,"Male","Black/African American",1,0,1,"Associates degree or equivalent (2 year degree)","High school diploma","Computer Science","Biomedical Engineering","Biomedical Engineering","Biomedical Engineering",NA,NA,3.81,3.73
353,18,"Male","Black/African American",0,0,1,"Associates degree or equivalent (2 year degree)","Master's degree",NA,"Biology","Biology","Biology",2.41,NA,3.43,3.37
354,18,"Male","White",0,0,1,"High school diploma","Some high school","Mechanical Engineering","Mechanical Engineering","Mechanical Engineering",NA,3.41,3.84,2.09,3.13
355,20,"Female","White",0,0,1,"Master's degree","High school diploma","Mechanical Engineering","Mechanical Engineering","Mechanical Engineering","Computer Science",2.06,NA,3.11,3.27
356,19,"Female","White",0,0,1,"Doctorate or professional degree","Middle school/Junior high","Computer Science","Chemical Engineering",NA,NA,NA,3.7,2.05,NA
357,20,"Male","Hispanic/Latine",0,0,1,"Bachelor's degree (4 year degree)","Associates degree or equivalent (2 year degree)","Biology","Biology","Chemical Engineering","Chemical Engineering",2.22,3.56,2.56,2.79
358,19,"Female","Multiracial",0,0,1,"High school diploma","High school diploma","Mechanical Engineering",NA,"Biology","Biology",NA,3.38,2.86,NA
359,20,"Male","Other",0,0,1,"Bachelor's degree (4 year degree)","Bachelor's degree (4 year degree)","Biomedical Engineering","Biomedical Engineering","Mechanical Engineering","Mechanical Engineering",2.27,2.36,2.74,2.34
360,19,"Male","White",0,0,1,"Associates degree or equivalent (2 year degree)","Bachelor's degree (4 year degree)","Mechanical Engineering","Mechanical Engineering",NA,NA,2.11,3.32,3.84,NA
361,19,"Female","White",0,0,1,"Associates degree or equivalent (2 year degree)","Some high school","Computer Science",NA,"Chemical Engineering","Chemical Engineering",2.89,3.02,3.36,3.88
362,19,"Male","White",0,0,1,"High school diploma","Associates degree or equivalent (2 year degree)","Chemical Engineering","Chemical Engineering","Chemical Engineering","Chemical Engineering",3.24,3.1,2.26,3.33
363,18,"Female","White",0,0,1,"High school diploma","Master's degree","Computer Science","Computer Science",NA,"Computer Science",2.47,3.37,2.61,3.48
364,18,"Male","White",0,0,1,"Associates degree or equivalent (2 year degree)","Bachelor's degree (4 year degree)","Biology",NA,"Biomedical Engineering","Biomedical Engineering",2.68,3.83,3.27,3.93
365,19,"Female","White",0,0,1,"Bachelor's degree (4 year degree)","High school diploma","Mechanical Engineering","Biology","Biology","Biology",3.38,3.01,2.9,NA
366,18,"Female","Black/African American",0,0,1,"Associates degree or equivalent (2 year degree)","Associates degree or equivalent (2 year degree)","Biomedical Engineering","Biomedical Engineering","Biomedical Engineering","Biomedical Engineering",2.91,2.43,2.99,3.97
367,22,"Male","Asian/Pacific Islander",0,0,1,"Associates degree or equivalent (2 year degree)","Bachelor's degree (4 year degree)","Chemical Engineering","Biomedical Engineering","Biomedical Engineering","Biomedical Engineering",3.78,2.13,2.7,3.79
368,18,"Male","White",0,0,1,"Associates degree or equivalent (2 year degree)","High school diploma","Chemical Engineering","Biomedical Engineering","Mechanical Engineering","Mechanical Engineering",2.31,2.96,2.89,3.87
369,21,"Male","Multiracial",0,0,1,"High school diploma","Some high school",NA,"Mechanical Engineering","Mechanical Engineering","Mechanical Engineering",2.15,2.49,3.87,NA
370,18,"Male","White",0,0,1,"Bachelor's degree (4 year degree)","High school diploma","Computer Science","Chemical Engineering",NA,NA,2.39,3.63,2.14,2.05
371,18,"Male","Multiracial",1,0,1,"Bachelor's degree (4 year degree)","Associates degree or equivalent (2 year degree)","Mechanical Engineering","Mechanical Engineering","Mechanical Engineering","Mechanical Engineering",3.16,2.59,2.54,NA
372,18,"Female","Black/African American",0,0,1,"High school diploma","Associates degree or equivalent (2 year degree)","Computer Science","Computer Science","Computer Science","Computer Science",2.81,3.24,2.34,3.68
373,19,"Male","White",0,0,1,"Bachelor's degree (4 year degree)","Some high school","Mechanical Engineering","Mechanical Engineering","Mechanical Engineering",NA,3.97,2.06,3.7,2.57
374,20,"Male","Black/African American",1,0,1,"Master's degree","Associates degree or equivalent (2 year degree)","Computer Science","Computer Science","Computer Science","Computer Science",3.5,3.02,NA,3.53
375,18,"Male","White",0,0,1,"Associates degree or equivalent (2 year degree)","High school diploma","Biology","Chemical Engineering",NA,NA,3.5,2.35,3.03,3.81
376,18,"Male","White",0,0,1,"Associates degree or equivalent (2 year degree)","High school diploma","Chemical Engineering","Mechanical Engineering","Mechanical Engineering","Mechanical Engineering",3.61,2.77,NA,2.84
377,22,"Female","Asian/Pacific Islander",0,0,1,"Bachelor's degree (4 year degree)","Bachelor's degree (4 year degree)","Biology","Biology","Biology","Biology",3.05,3.95,2.99,NA
378,18,"Male","Asian/Pacific Islander",1,0,1,"High school diploma","Master's degree","Mechanical Engineering","Mechanical Engineering","Mechanical Engineering","Mechanical Engineering",2.67,3.37,3.26,2.05
379,18,"Female","White",0,0,0,"Bachelor's degree (4 year degree)","Master's degree","Mechanical Engineering","Mechanical Engineering","Mechanical Engineering","Mechanical Engineering",3.23,2.26,2.91,3.66
380,18,"Male","Black/African American",0,0,1,"Associates degree or equivalent (2 year degree)","No school","Chemical Engineering","Chemical Engineering","Chemical Engineering","Chemical Engineering",3.2,2.51,NA,2.85
381,19,"Male","White",0,1,1,"Associates degree or equivalent (2 year degree)","High school diploma","Biology","Biology","Biology","Biology",2.52,NA,3.43,3.25
382,21,"Female","White",0,0,1,"Associates degree or equivalent (2 year degree)","Associates degree or equivalent (2 year degree)","Chemical Engineering","Chemical Engineering","Chemical Engineering","Chemical Engineering",2.76,2.34,2.39,3.92
383,19,"Male","White",0,0,1,"Associates degree or equivalent (2 year degree)","Bachelor's degree (4 year degree)","Computer Science","Computer Science","Computer Science","Computer Science",2.09,NA,3.3,2.27
384,18,"Male","White",0,0,1,"Doctorate or professional degree","Bachelor's degree (4 year degree)","Computer Science","Computer Science","Computer Science","Computer Science",2.97,2.44,2.2,3.9
385,18,"Male","White",1,0,1,"High school diploma","Associates degree or equivalent (2 year degree)","Chemical Engineering",NA,NA,NA,2.69,3.86,2.13,2.2
386,18,"Male","White",0,1,1,"Bachelor's degree (4 year degree)","Bachelor's degree (4 year degree)","Computer Science","Computer Science","Computer Science","Computer Science",2.46,2.44,3.21,3.4
387,18,"Female","Black/African American",1,0,1,"Associates degree or equivalent (2 year degree)","Associates degree or equivalent (2 year degree)","Biology",NA,"Biology","Biology",2.66,3.33,3.89,2.18
388,18,"Male","White",0,0,1,"Associates degree or equivalent (2 year degree)","Some high school","Mechanical Engineering","Computer Science","Computer Science","Biomedical Engineering",3.11,2.4,3.82,3.71
389,19,"Male","Other",0,0,1,"Bachelor's degree (4 year degree)","High school diploma","Computer Science","Chemical Engineering","Chemical Engineering","Chemical Engineering",2.32,3.37,NA,3.69
390,18,"Nonbinary","Black/African American",1,1,1,"High school diploma","Bachelor's degree (4 year degree)","Chemical Engineering","Biology","Chemical Engineering","Chemical Engineering",3.74,3.95,3.8,3.64
391,19,"Male","Asian/Pacific Islander",0,0,1,"High school diploma","Bachelor's degree (4 year degree)","Biology","Biology",NA,"Chemical Engineering",2.56,3.76,3.87,3.36
392,19,"Male","White",0,0,1,"Master's degree","High school diploma","Mechanical Engineering","Mechanical Engineering","Mechanical Engineering","Mechanical Engineering",3.24,3.51,2.45,3.42
393,19,"Male","White",1,0,1,"High school diploma","Master's degree","Mechanical Engineering","Mechanical Engineering","Mechanical Engineering","Mechanical Engineering",2.62,3.1,3.9,NA
394,19,"Male","White",0,0,1,"Master's degree","Bachelor's degree (4 year degree)","Mechanical Engineering","Biology","Chemical Engineering","Biomedical Engineering",3.86,2.41,3.75,2.98
395,22,"Male","Black/African American",0,0,1,"High school diploma","Doctorate or professional degree","Mechanical Engineering","Mechanical Engineering","Biology",NA,3.29,3.97,2.94,2.58
396,18,"Female","White",1,0,1,"Bachelor's degree (4 year degree)","Some high school","Mechanical Engineering","Mechanical Engineering","Mechanical Engineering","Mechanical Engineering",2.32,2.93,3.5,3.51
397,19,"Male","Other",1,0,1,"Bachelor's degree (4 year degree)","Bachelor's degree (4 year degree)","Biology","Biology","Biology","Biology",NA,2.49,2.13,3.72
398,18,"Male","Asian/Pacific Islander",0,0,1,"High school diploma","Bachelor's degree (4 year degree)","Chemical Engineering","Biology","Biology","Biology",2.26,3.18,3.36,2.66
399,18,"Male","White",0,0,1,"Master's degree","Associates degree or equivalent (2 year degree)",NA,"Computer Science","Computer Science","Computer Science",3.55,2.46,2.69,3.95
400,18,"Nonbinary","White",0,0,0,"Master's degree","High school diploma","Biology","Mechanical Engineering","Biology","Biology",3.43,2.86,2.75,2.05
401,18,"Male","White",1,0,1,"Bachelor's degree (4 year degree)","Bachelor's degree (4 year degree)","Computer Science","Computer Science","Computer Science","Computer Science",3.95,3.77,3.21,2.43
402,19,"Male","White",0,1,0,"Associates degree or equivalent (2 year degree)","Associates degree or equivalent (2 year degree)","Mechanical Engineering","Mechanical Engineering","Mechanical Engineering","Mechanical Engineering",2.45,2.09,2.39,NA
403,18,"Female","White",1,0,1,"Master's degree","High school diploma","Chemical Engineering","Chemical Engineering",NA,"Chemical Engineering",3.8,2.84,NA,3.81
404,20,"Male","White",0,0,1,"High school diploma","Some high school","Computer Science","Computer Science","Computer Science","Computer Science",2.26,3.86,2.41,3.25
405,19,"Male","White",0,0,1,"High school diploma","High school diploma","Computer Science","Computer Science","Computer Science","Computer Science",3.63,3.55,3.76,NA
406,18,"Female","Hispanic/Latine",0,0,1,"High school diploma","Associates degree or equivalent (2 year degree)","Computer Science","Biomedical Engineering",NA,"Computer Science",3.91,3.96,2.79,2.36
407,21,"Nonbinary","White",1,0,1,"High school diploma","High school diploma","Computer Science","Computer Science","Computer Science","Computer Science",3.1,2.98,3.84,3.45
408,18,"Female","White",1,0,1,"High school diploma","High school diploma","Chemical Engineering","Mechanical Engineering","Mechanical Engineering","Mechanical Engineering",2.83,2.1,3.49,3
409,18,"Female","Black/African American",0,0,1,"Doctorate or professional degree","High school diploma","Biology","Chemical Engineering","Biology","Biology",2.67,2.52,3.04,2.36
410,20,"Male","White",0,0,1,"No school","No school","Biology","Biology","Biology","Biology",3.44,2.55,2.97,2.26
411,18,"Female","Multiracial",0,0,1,"High school diploma","Associates degree or equivalent (2 year degree)","Biomedical Engineering","Biomedical Engineering","Biomedical Engineering","Biomedical Engineering",3.74,2.32,2.06,NA
412,18,"Female","White",1,0,1,"Associates degree or equivalent (2 year degree)","Master's degree","Computer Science","Computer Science","Computer Science","Computer Science",2.52,2.63,2.62,2.65
413,18,"Female","Black/African American",0,0,1,"High school diploma","Bachelor's degree (4 year degree)","Computer Science","Computer Science","Computer Science",NA,2.44,2.05,3.82,2.66
414,19,"Nonbinary","Asian/Pacific Islander",0,0,1,"Doctorate or professional degree","High school diploma","Computer Science","Computer Science",NA,"Biomedical Engineering",3.8,3.48,2.4,3.48
415,18,"Female","White",0,1,1,"Some high school","Associates degree or equivalent (2 year degree)","Biomedical Engineering","Mechanical Engineering","Mechanical Engineering","Mechanical Engineering",2.2,3.49,2.11,2.49
416,20,"Female","Asian/Pacific Islander",0,1,1,"Master's degree","Bachelor's degree (4 year degree)","Mechanical Engineering","Mechanical Engineering","Computer Science","Computer Science",3.24,3.29,2.88,2.37
417,18,"Male","White",0,0,1,"Master's degree","Bachelor's degree (4 year degree)","Computer Science","Computer Science","Computer Science","Computer Science",3.15,NA,3.42,2.85
418,19,"Male","Black/African American",0,0,1,"Bachelor's degree (4 year degree)","Master's degree","Biomedical Engineering","Biomedical Engineering",NA,"Biomedical Engineering",3.09,3.05,2.11,2.01
419,19,"Male","White",0,0,1,"Master's degree","Associates degree or equivalent (2 year degree)","Biomedical Engineering",NA,"Computer Science",NA,3.22,3.57,3.95,NA
420,18,"Female","White",1,1,1,"Associates degree or equivalent (2 year degree)","High school diploma","Mechanical Engineering","Chemical Engineering","Chemical Engineering",NA,2.06,3.08,2.73,NA
421,21,"Male","Other",0,1,1,"Doctorate or professional degree","Master's degree","Computer Science","Computer Science","Computer Science","Computer Science",3.78,2.69,NA,2.64
422,18,"Male","Black/African American",0,0,1,"High school diploma","High school diploma","Computer Science","Computer Science","Computer Science","Computer Science",2.4,NA,3.32,3.16
423,18,"Male","Asian/Pacific Islander",1,0,1,"Master's degree","Bachelor's degree (4 year degree)","Computer Science","Computer Science","Computer Science","Computer Science",3.23,2.07,2.68,2.21
424,20,"Female","White",1,0,0,"Bachelor's degree (4 year degree)","Associates degree or equivalent (2 year degree)","Computer Science","Computer Science","Computer Science","Computer Science",3.05,2.97,NA,2.73
425,18,"Male","White",0,0,1,"Associates degree or equivalent (2 year degree)","High school diploma","Mechanical Engineering","Mechanical Engineering","Mechanical Engineering","Mechanical Engineering",2.56,2.54,NA,2.13
426,18,"Male","White",1,0,1,"High school diploma","Associates degree or equivalent (2 year degree)","Computer Science","Computer Science","Computer Science","Computer Science",NA,2.45,2.19,2.53
